lead_id,created_at,source,org_name,contact_name,role,email,phone,city_state,segment,athlete_count,status,last_contact,next_step,next_step_due,pain_point,budget_estimate,timeline,notes
MW-0001,,,,,,,,club,,,,,,,,,,
MW-0002,,,,,,,,high-school,,,,,,,,,,
MW-0003,,,,,,,,parent-group,,,,,,,,,,
MW-0004,2026-03-20,txusaw-cr.com/test (public club directory),512 Outlaw Wrestling,Seamus Burke,Program Director,seamus@512owc.org,512.925.5299,"Cedar Park, TX",club,25,new,,Send approval-gated intro email draft,2026-03-26,Needs affordable practice footwear for mixed age roster,TBD,Spring 2026,Website: www.512owc.org | Fit score: 88
MW-0005,2026-03-20,txusaw-cr.com/test (public club directory),Austin Wrestling Academy,Ryan Norton,Head Coach,austinwrestlingacademy@gmail.com,,"Austin, TX",club,30,new,,Send approval-gated pilot offer email,2026-03-26,Likely recurring shoe replacement across youth-to-HS athletes,TBD,Spring/Summer 2026,Website: austinwrestlingacademy.com | Fit score: 84
MW-0006,2026-03-20,txusaw-cr.com/test (public club directory),Stingers Wrestling Club,Jason Rodriguez,Head Coach,stingerswc@gmail.com,,"San Marcos, TX",club,24,new,,Send approval-gated team pricing DM/email,2026-03-26,Year-round club may need cost-controlled training gear,TBD,Spring 2026,Club listing includes ages 5-18 | Fit score: 80
MW-0007,2026-03-20,txusaw-cr.com/test (public club directory),Heart & Pride Wrestling Club,Randy Bryant,Head Coach,heartandpridewcandfitness@gmail.com,773-294-7366,"Leander, TX",club,28,new,,Send approval-gated bulk pricing intro,2026-03-26,Year-round program may value fast on/off shoe for drills,TBD,Spring 2026,Website: www.heartandpride.com | Fit score: 82
MW-0008,2026-03-20,txusaw-cr.com/test (public club directory),NB Elite,Steve Horton,Head Coach,nbelitewrestling@gmail.com,210-323-7539,"Schertz, TX",club,22,new,,Send approval-gated launch partner note,2026-03-26,K-HS program likely has wide size curve and budget pressure,TBD,Spring/Summer 2026,Website: http://www.nbwrestling.com/ | Fit score: 78
MW-0009,2026-03-20,txusaw-cr.com/test (public club directory),Westlake Youth Wrestling Club,Jeff Newby,Head Coach,jeffnewby@hotmail.com,,"Austin, TX",club,20,new,,Send approval-gated coach starter offer,2026-03-26,Youth program parents need lower per-athlete footwear spend,TBD,Spring 2026,Website: wlwrestling.com | Fit score: 81
